,GENE ID,LOCUS TAG,PRODUCT NAME,SCAFFOLD ID,GENE SEQ LENGTH,READS COUNT,COVERAGE, MEDIAN,READS COUNT ANTISENSE,COVERAGE ANTISENSE,MEDIAN ANTISENSE
390,3300043289 assembled Ga0435281_029551_2_256,,electron transfer flavoprotein beta subunit,Ga0435281_029551,255,3,2.06739432606935e-09,1.0,2,1.37826288404623e-09,1.0
686,3300043289 assembled Ga0435281_023656_294_926,,electron transfer flavoprotein beta subunit,Ga0435281_023656,633,17,4.7194072688313e-09,4.0,12,3.3313463074103303e-09,3.0
3954,3300043289 assembled Ga0435281_008085_345_1139,,electron transfer flavoprotein beta subunit,Ga0435281_008085,795,33,7.2943913014145e-09,5.0,39,8.62064426530805e-09,7.0
9529,3300043289 assembled Ga0435281_082350_261_464,,electron transfer flavoprotein beta subunit,Ga0435281_082350,204,13,1.11983859328756e-08,5.0,3,2.5842429075866903e-09,1.0
13308,3300043289 assembled Ga0435281_067435_2_391,,electron transfer flavoprotein beta subunit,Ga0435281_067435,390,12,5.4070313143352204e-09,3.0,0,0.0,0.0
13339,3300043289 assembled Ga0435281_007243_2_202,,electron transfer flavoprotein beta subunit,Ga0435281_007243,201,2,1.7485424648347702e-09,0.0,6,5.24562739450432e-09,4.0
16364,3300043289 assembled Ga0435281_067064_3_521,,electron transfer flavoprotein beta subunit,Ga0435281_067064,519,21,7.11040245093216e-09,6.0,15,5.078858893522971e-09,5.0
18051,3300043289 assembled Ga0435281_046143_63_626,,electron transfer flavoprotein beta subunit,Ga0435281_046143,564,6,1.8694523161265402e-09,2.0,10,3.1157538602109e-09,2.0
34287,3300043289 assembled Ga0435281_095598_2_427,,electron transfer flavoprotein beta subunit,Ga0435281_095598,426,8,3.3000660603923905e-09,3.0,8,3.3000660603923905e-09,3.0
35392,3300043289 assembled Ga0435281_005759_358_1101,,electron transfer flavoprotein beta subunit,Ga0435281_005759,744,12,2.8343309309015304e-09,2.0,10,2.3619424424179403e-09,1.0
35855,3300043289 assembled Ga0435281_075561_1_483,,electron transfer flavoprotein beta subunit,Ga0435281_075561,483,10,3.6382715883208e-09,3.0,8,2.9106172706566404e-09,2.0
35968,3300043289 assembled Ga0435281_152753_6_326,,electron transfer flavoprotein beta subunit,Ga0435281_152753,321,1,5.47440865158551e-10,0.0,2,1.0948817303171e-09,1.0
38429,3300043289 assembled Ga0435281_010867_576_1379,,electron transfer flavoprotein beta subunit,Ga0435281_010867,804,20,4.37135616208694e-09,3.0,39,8.52414451606952e-09,6.0
43365,3300043289 assembled Ga0435281_084517_172_435,,electron transfer flavoprotein beta subunit,Ga0435281_084517,264,5,3.3281916234071e-09,2.0,6,3.99382994808852e-09,2.5
47551,3300043289 assembled Ga0435281_006452_1035_1775,,electron transfer flavoprotein beta subunit,Ga0435281_006452,741,38,9.01171885722537e-09,5.0,7,1.6600534736994102e-09,1.0
52476,3300043289 assembled Ga0435281_015135_630_1166,,electron transfer flavoprotein beta subunit,Ga0435281_015135,537,10,3.2724118755287703e-09,2.0,18,5.890341375951781e-09,3.0
53799,3300043289 assembled Ga0435281_029002_697_831,,electron transfer flavoprotein beta subunit,Ga0435281_029002,135,3,3.90507817146433e-09,3.0,2,2.6033854476428904e-09,1.0
55411,3300043289 assembled Ga0435281_034183_2_661,,electron transfer flavoprotein beta subunit,Ga0435281_034183,660,8,2.13004263898054e-09,1.0,8,2.13004263898054e-09,1.0
57775,3300043289 assembled Ga0435281_019568_2_718,,electron transfer flavoprotein beta subunit,Ga0435281_019568,717,39,9.558454938521472e-09,8.0,0,0.0,0.0
59468,3300043289 assembled Ga0435281_141318_51_341,,electron transfer flavoprotein beta subunit,Ga0435281_141318,291,2,1.20775613550443e-09,1.0,8,4.83102454201773e-09,1.0
61608,3300043289 assembled Ga0435281_002685_2464_2697,,electron transfer flavoprotein beta subunit,Ga0435281_002685,234,15,1.12646485715317e-08,6.5,7,5.2568360000481305e-09,3.0
63830,3300043289 assembled Ga0435281_001107_3152_3916,,electron transfer flavoprotein beta subunit,Ga0435281_001107,765,23,5.28334105551056e-09,4.0,33,7.58044586225429e-09,4.0
66497,3300043289 assembled Ga0435281_008672_852_1544,,electron transfer flavoprotein beta subunit,Ga0435281_008672,693,12,3.0429180556864902e-09,3.0,23,5.83225960673244e-09,6.0
68429,3300043289 assembled Ga0435281_070959_3_506,,electron transfer flavoprotein beta subunit,Ga0435281_070959,504,10,3.4866769388074403e-09,2.0,6,2.0920061632844604e-09,2.0
69810,3300043289 assembled Ga0435281_060227_166_555,,electron transfer flavoprotein beta subunit,Ga0435281_060227,390,15,6.7587891429190305e-09,3.0,5,2.25292971430634e-09,1.0
78366,3300043289 assembled Ga0435281_060022_1_525,,electron transfer flavoprotein beta subunit,Ga0435281_060022,525,30,1.00416295837654e-08,8.0,2,6.69441972251028e-10,1.0
79449,3300043289 assembled Ga0435281_175561_125_301,,electron transfer flavoprotein beta subunit,Ga0435281_175561,177,2,1.9856329685411802e-09,2.0,7,6.9497153898941405e-09,3.0
80812,3300043289 assembled Ga0435281_033306_28_552,,electron transfer flavoprotein beta subunit,Ga0435281_033306,525,12,4.01665183350617e-09,3.0,0,0.0,0.0
86187,3300043289 assembled Ga0435281_172888_1_267,,electron transfer flavoprotein beta subunit,Ga0435281_172888,267,5,3.2907962119081404e-09,3.0,0,0.0,0.0
87945,3300043289 assembled Ga0435281_025791_118_885,,electron transfer flavoprotein beta subunit,Ga0435281_025791,768,27,6.17795570094943e-09,4.0,6,1.3728790446554302e-09,1.0
97931,3300043289 assembled Ga0435281_058647_188_559,,electron transfer flavoprotein beta subunit,Ga0435281_058647,372,14,6.61343883877023e-09,6.0,4,1.88955395393435e-09,1.0
106375,3300043289 assembled Ga0435281_018605_17_796,,electron transfer flavoprotein beta subunit,Ga0435281_018605,780,27,6.0829102286271304e-09,4.0,3,6.75878914291903e-10,0.0
109057,3300043289 assembled Ga0435281_063269_72_539,,electron transfer flavoprotein beta subunit,Ga0435281_063269,468,10,3.7548828571772405e-09,3.0,2,7.50976571435448e-10,0.0
115232,3300043289 assembled Ga0435281_004564_167_922,,electron transfer flavoprotein beta subunit,Ga0435281_004564,756,15,3.4866769388074403e-09,2.0,21,4.88134771433041e-09,4.0
115296,3300043289 assembled Ga0435281_114891_1_357,,electron transfer flavoprotein beta subunit,Ga0435281_114891,357,7,3.4456572101155803e-09,2.0,2,9.84473488604453e-10,0.0
119583,3300043289 assembled Ga0435281_113426_21_377,,electron transfer flavoprotein beta subunit,Ga0435281_113426,357,4,1.9689469772089103e-09,1.0,0,0.0,0.0
119975,3300043289 assembled Ga0435281_110482_3_392,,electron transfer flavoprotein beta subunit,Ga0435281_110482,390,2,9.01171885722537e-10,1.0,4,1.80234377144507e-09,1.0
121059,3300043289 assembled Ga0435281_037248_3_725,,electron transfer flavoprotein beta subunit,Ga0435281_037248,723,16,3.88887452759933e-09,1.0,17,4.13192918557429e-09,4.0
122715,3300043289 assembled Ga0435281_021959_3_299,,electron transfer flavoprotein beta subunit,Ga0435281_021959,297,16,9.466856173246862e-09,6.0,7,4.1417495757955e-09,3.0
126691,3300043289 assembled Ga0435281_049743_145_618,,electron transfer flavoprotein beta subunit,Ga0435281_049743,474,12,4.448823233313791e-09,2.0,5,1.8536763472140801e-09,2.0
127856,3300043289 assembled Ga0435281_120201_14_373,,electron transfer flavoprotein beta subunit,Ga0435281_120201,360,12,5.85761725719649e-09,6.0,8,3.90507817146433e-09,3.0
128507,3300043289 assembled Ga0435281_018152_728_1063,,electron transfer flavoprotein beta subunit,Ga0435281_018152,336,4,2.0920061632844604e-09,0.0,9,4.70701386739004e-09,2.0
128659,3300043289 assembled Ga0435281_090670_3_422,,electron transfer flavoprotein beta subunit,Ga0435281_090670,420,6,2.51040739594135e-09,2.0,6,2.51040739594135e-09,2.0
132795,3300043289 assembled Ga0435281_142239_2_340,,electron transfer flavoprotein beta subunit,Ga0435281_142239,339,1,5.183732086014601e-10,0.0,2,1.0367464172029201e-09,1.0
133253,3300043289 assembled Ga0435281_038007_8_499,,electron transfer flavoprotein beta subunit,Ga0435281_038007,492,21,7.50060746348331e-09,6.0,0,0.0,0.0
135570,3300043289 assembled Ga0435281_144942_34_336,,electron transfer flavoprotein beta subunit,Ga0435281_144942,303,4,2.3198484186916803e-09,2.0,1,5.799621046729201e-10,0.0
136040,3300043289 assembled Ga0435281_055952_2_265,,electron transfer flavoprotein beta subunit,Ga0435281_055952,264,8,5.32510659745136e-09,4.0,5,3.3281916234071e-09,2.0
136059,3300043289 assembled Ga0435281_159463_3_314,,electron transfer flavoprotein beta subunit,Ga0435281_159463,312,2,1.12646485715317e-09,1.0,4,2.25292971430634e-09,1.0
136098,3300043289 assembled Ga0435281_098200_39_311,,electron transfer flavoprotein beta subunit,Ga0435281_098200,273,7,4.50585942861269e-09,3.0,2,1.2873884081750501e-09,0.0
137649,3300043289 assembled Ga0435281_103083_3_281,,electron transfer flavoprotein beta subunit,Ga0435281_103083,279,27,1.70059855854092e-08,13.0,0,0.0,0.0
150991,3300043289 assembled Ga0435281_040983_3_368,,electron transfer flavoprotein beta subunit,Ga0435281_040983,366,7,3.360927934457e-09,2.0,8,3.84106049652229e-09,2.0
151838,3300043289 assembled Ga0435281_028803_3_341,,electron transfer flavoprotein beta subunit,Ga0435281_028803,339,6,3.1102392516087604e-09,2.0,4,2.0734928344058403e-09,1.0
152991,3300043289 assembled Ga0435281_016033_977_1132,,electron transfer flavoprotein beta subunit,Ga0435281_016033,156,8,9.01171885722537e-09,3.0,6,6.7587891429190305e-09,4.0
153465,3300043289 assembled Ga0435281_082296_35_466,,electron transfer flavoprotein beta subunit,Ga0435281_082296,432,7,2.84745283335941e-09,2.0,2,8.13557952388402e-10,0.0
155022,3300043289 assembled Ga0435281_001666_2925_3314,,electron transfer flavoprotein beta subunit,Ga0435281_001666,390,17,7.65996102864157e-09,5.0,22,9.912890742947911e-09,6.0
155542,3300043289 assembled Ga0435281_149977_2_331,,electron transfer flavoprotein beta subunit,Ga0435281_149977,330,3,1.5975319792354102e-09,1.0,1,5.32510659745136e-10,0.0
158849,3300043289 assembled Ga0435281_072158_3_296,,electron transfer flavoprotein beta subunit,Ga0435281_072158,294,4,2.3908641866108103e-09,2.0,4,2.3908641866108103e-09,2.0
160891,3300043289 assembled Ga0435281_162320_1_312,,electron transfer flavoprotein beta subunit,Ga0435281_162320,312,4,2.25292971430634e-09,2.0,6,3.3793945714595202e-09,3.0
161632,3300043289 assembled Ga0435281_013652_3_200,,electron transfer flavoprotein beta subunit,Ga0435281_013652,198,8,7.100142129935141e-09,5.0,3,2.66255329872568e-09,1.0
161978,3300043289 assembled Ga0435281_100012_2_409,,electron transfer flavoprotein beta subunit,Ga0435281_100012,408,10,4.30707151264448e-09,3.0,4,1.7228286050577902e-09,1.0
167377,3300043289 assembled Ga0435281_110610_2_391,,electron transfer flavoprotein beta subunit,Ga0435281_110610,390,3,1.35175782858381e-09,1.0,8,3.60468754289015e-09,1.0
169186,3300043289 assembled Ga0435281_093425_2_430,,electron transfer flavoprotein beta subunit,Ga0435281_093425,429,9,3.68661225977402e-09,3.0,0,0.0,0.0
171499,3300043289 assembled Ga0435281_137648_3_347,,electron transfer flavoprotein beta subunit,Ga0435281_137648,345,12,6.11229626837895e-09,4.0,13,6.621654290743861e-09,6.0
172756,3300043289 assembled Ga0435281_018484_44_793,,electron transfer flavoprotein beta subunit,Ga0435281_018484,750,74,1.73385470813016e-08,14.0,5,1.1715234514393e-09,0.0
178019,3300043289 assembled Ga0435281_038007_542_661,,electron transfer flavoprotein beta subunit,Ga0435281_038007,120,5,7.32202157149562e-09,3.0,0,0.0,0.0
184686,3300043289 assembled Ga0435281_070777_3_506,,electron transfer flavoprotein beta subunit,Ga0435281_070777,504,4,1.3946707755229702e-09,2.0,4,1.3946707755229702e-09,1.0
185517,3300043289 assembled Ga0435281_075967_3_461,,electron transfer flavoprotein beta subunit,Ga0435281_075967,459,20,7.65701602247908e-09,6.0,8,3.06280640899163e-09,3.0
187780,3300043289 assembled Ga0435281_130899_105_356,,electron transfer flavoprotein beta subunit,Ga0435281_130899,252,7,4.88134771433041e-09,3.0,6,4.184012326568921e-09,4.0
188766,3300043289 assembled Ga0435281_004918_875_1714,,electron transfer flavoprotein beta subunit,Ga0435281_004918,840,28,5.85761725719649e-09,5.0,15,3.13800924492669e-09,2.0
190266,3300043289 assembled Ga0435281_130581_44_358,,electron transfer flavoprotein beta subunit,Ga0435281_130581,315,4,2.23147324083676e-09,2.0,4,2.23147324083676e-09,2.0
197870,3300043289 assembled Ga0435281_000973_1216_2121,,electron transfer flavoprotein beta subunit,Ga0435281_000973,906,27,5.23694258093726e-09,4.0,23,4.46109923561322e-09,3.0
197929,3300043289 assembled Ga0435281_108546_160_396,,electron transfer flavoprotein beta subunit,Ga0435281_108546,237,17,1.26049991610557e-08,9.0,3,2.2244116166569e-09,0.0
198555,3300043289 assembled Ga0435281_120155_2_370,,electron transfer flavoprotein beta subunit,Ga0435281_120155,369,3,1.42868713590158e-09,1.0,5,2.38114522650264e-09,2.0
202381,3300043289 assembled Ga0435281_106431_3_401,,electron transfer flavoprotein beta subunit,Ga0435281_106431,399,15,6.60633525247725e-09,6.0,0,0.0,0.0
209486,3300043289 assembled Ga0435281_005472_3_467,,electron transfer flavoprotein beta subunit,Ga0435281_005472,465,16,6.04657265258993e-09,4.0,19,7.180305024950541e-09,5.0
211385,3300043289 assembled Ga0435281_142814_25_339,,electron transfer flavoprotein beta subunit,Ga0435281_142814,315,3,1.67360493062757e-09,1.0,1,5.5786831020919e-10,0.0
211492,3300043289 assembled Ga0435281_128436_1_360,,electron transfer flavoprotein beta subunit,Ga0435281_128436,360,15,7.32202157149562e-09,6.0,2,9.76269542866082e-10,0.0
213158,3300043289 assembled Ga0435281_031675_1_84,,electron transfer flavoprotein beta subunit,Ga0435281_031675,84,3,6.27601848985339e-09,2.0,2,4.184012326568921e-09,2.0
221255,3300043289 assembled Ga0435281_016842_530_1105,,electron transfer flavoprotein beta subunit,Ga0435281_016842,576,14,4.271179250039111e-09,4.0,4,1.2203369285826e-09,1.0
222792,3300043292 assembled Ga0401991_014210_65_835,,electron transfer flavoprotein beta subunit,Ga0401991_014210,771,512,5.8575745308217e-09,82.0,0,0.0,0.0
223810,3300043292 assembled Ga0401991_014865_664_1119,,electron transfer flavoprotein beta subunit,Ga0401991_014865,456,45,8.70462189670962e-10,12.0,0,0.0,0.0
228412,3300043292 assembled Ga0401991_130653_1_363,,electron transfer flavoprotein beta subunit,Ga0401991_130653,363,15,3.64491054628061e-10,6.0,0,0.0,0.0
231072,3300043292 assembled Ga0401991_048162_3_344,,electron transfer flavoprotein beta subunit,Ga0401991_048162,342,54,1.3927395034735402e-09,18.0,0,0.0,0.0
231190,3300043292 assembled Ga0401991_136169_2_355,,electron transfer flavoprotein beta subunit,Ga0401991_136169,354,21,5.232608868982501e-10,10.0,0,0.0,0.0
232533,3300043292 assembled Ga0401991_001412_1937_2710,,electron transfer flavoprotein beta subunit,Ga0401991_001412,774,504,5.7437008980459105e-09,86.0,0,0.0,0.0
233387,3300043292 assembled Ga0401991_019484_2_514,,electron transfer flavoprotein beta subunit,Ga0401991_019484,513,47,8.08132798311807e-10,12.0,0,0.0,0.0
233606,3300043292 assembled Ga0401991_161417_11_322,,electron transfer flavoprotein beta subunit,Ga0401991_161417,312,22,6.21971273987115e-10,10.0,0,0.0,0.0
234400,3300043292 assembled Ga0401991_105438_41_409,,electron transfer flavoprotein beta subunit,Ga0401991_105438,369,14,3.34660079425439e-10,5.0,0,0.0,0.0
239891,3300043292 assembled Ga0401991_005895_940_1713,,electron transfer flavoprotein beta subunit,Ga0401991_005895,774,157,1.78920841466906e-09,29.0,0,0.0,0.0
241772,3300043292 assembled Ga0401991_156428_3_326,,electron transfer flavoprotein beta subunit,Ga0401991_156428,324,5,1.36121659290109e-10,2.0,0,0.0,0.0
242802,3300043292 assembled Ga0401991_058199_3_467,,electron transfer flavoprotein beta subunit,Ga0401991_058199,465,30,5.69076356258005e-10,8.0,0,0.0,0.0
246445,3300043292 assembled Ga0401991_121868_123_371,,electron transfer flavoprotein beta subunit,Ga0401991_121868,249,28,9.91884090827206e-10,8.0,0,0.0,0.0
247661,3300043292 assembled Ga0401991_001680_1036_1833,,electron transfer flavoprotein beta subunit,Ga0401991_001680,798,184,2.03384181459628e-09,30.0,0,0.0,0.0
249302,3300043292 assembled Ga0401991_066505_1_429,,electron transfer flavoprotein beta subunit,Ga0401991_066505,429,36,7.40197218629293e-10,9.0,0,0.0,0.0
250090,3300043292 assembled Ga0401991_002914_493_1242,,electron transfer flavoprotein beta subunit,Ga0401991_002914,750,359,4.222167179196891e-09,60.0,0,0.0,0.0
250495,3300043292 assembled Ga0401991_025993_89_841,,electron transfer flavoprotein beta subunit,Ga0401991_025993,753,51,5.974168122469501e-10,9.0,0,0.0,0.0
253934,3300043292 assembled Ga0401991_179317_1_228,,electron transfer flavoprotein beta subunit,Ga0401991_179317,228,7,2.7081045900874403e-10,4.0,0,0.0,0.0
254270,3300043292 assembled Ga0401991_087281_1_366,,electron transfer flavoprotein beta subunit,Ga0401991_087281,366,45,1.08451026909825e-09,12.0,0,0.0,0.0
256190,3300043292 assembled Ga0401991_043229_33_614,,electron transfer flavoprotein beta subunit,Ga0401991_043229,582,93,1.4094906658864502e-09,27.0,0,0.0,0.0
259202,3300043292 assembled Ga0401991_030622_371_763,,electron transfer flavoprotein beta subunit,Ga0401991_030622,393,81,1.8180034739998102e-09,28.0,0,0.0,0.0
260539,3300043292 assembled Ga0401991_153473_1_327,,electron transfer flavoprotein beta subunit,Ga0401991_153473,327,26,7.01338750984636e-10,7.0,0,0.0,0.0
260702,3300043292 assembled Ga0401991_086551_3_410,,electron transfer flavoprotein beta subunit,Ga0401991_086551,408,44,9.51250183744999e-10,14.0,0,0.0,0.0
261206,3300043292 assembled Ga0401991_013099_333_1157,,electron transfer flavoprotein beta subunit,Ga0401991_013099,825,125,1.3364672003028901e-09,20.0,0,0.0,0.0
262354,3300043292 assembled Ga0401991_001448_1969_2733,,electron transfer flavoprotein beta subunit,Ga0401991_001448,765,92,1.06078808369139e-09,10.0,0,0.0,0.0
262559,3300043292 assembled Ga0401991_092316_1_384,,electron transfer flavoprotein beta subunit,Ga0401991_092316,384,56,1.2863496802915301e-09,24.0,0,0.0,0.0
264353,3300043292 assembled Ga0401991_021848_2_622,,electron transfer flavoprotein beta subunit,Ga0401991_021848,621,84,1.1931359353428702e-09,15.0,0,0.0,0.0
266015,3300043292 assembled Ga0401991_065698_3_494,,electron transfer flavoprotein beta subunit,Ga0401991_065698,492,67,1.2011906422234501e-09,19.0,0,0.0,0.0
266845,3300043292 assembled Ga0401991_074058_14_397,,electron transfer flavoprotein beta subunit,Ga0401991_074058,384,74,1.6998192203852402e-09,25.0,4,9.18821200208237e-11,2.0
268653,3300043292 assembled Ga0401991_009741_1028_1381,,electron transfer flavoprotein beta subunit,Ga0401991_009741,354,11,2.74089035994322e-10,5.0,3,7.475155527117859e-11,0.0
269088,3300043292 assembled Ga0401991_000747_345_1103,,electron transfer flavoprotein beta subunit,Ga0401991_000747,759,1091,1.26790062220039e-08,196.0,0,0.0,0.0
269242,3300043292 assembled Ga0401991_000334_2191_2961,,electron transfer flavoprotein beta subunit,Ga0401991_000334,771,402,4.5991112527154704e-09,73.0,0,0.0,0.0
269687,3300043292 assembled Ga0401991_150128_1_330,,electron transfer flavoprotein beta subunit,Ga0401991_150128,330,32,8.553390081938501e-10,16.0,0,0.0,0.0
270545,3300043292 assembled Ga0401991_127498_1_279,,electron transfer flavoprotein beta subunit,Ga0401991_127498,279,25,7.90383828136118e-10,9.0,0,0.0,0.0
273017,3300043292 assembled Ga0401991_089129_166_447,,electron transfer flavoprotein beta subunit,Ga0401991_089129,282,15,4.69185293723355e-10,5.0,0,0.0,0.0
276511,3300043292 assembled Ga0401991_087727_1_339,,electron transfer flavoprotein beta subunit,Ga0401991_087727,339,30,7.80591462123812e-10,8.0,0,0.0,0.0
276726,3300043292 assembled Ga0401991_060821_3_545,,electron transfer flavoprotein beta subunit,Ga0401991_060821,543,57,9.259281045192401e-10,16.0,0,0.0,0.0
277430,3300043292 assembled Ga0401991_047970_176_616,,electron transfer flavoprotein beta subunit,Ga0401991_047970,441,50,1.00007749682529e-09,11.0,0,0.0,0.0
277611,3300043292 assembled Ga0401991_059256_3_386,,electron transfer flavoprotein beta subunit,Ga0401991_059256,384,19,4.36440070098913e-10,5.0,4,9.18821200208237e-11,0.0
278134,3300043292 assembled Ga0401991_013725_2_502,,electron transfer flavoprotein beta subunit,Ga0401991_013725,501,75,1.32046160508968e-09,19.0,0,0.0,0.0
278514,3300043292 assembled Ga0401991_178099_111_302,,electron transfer flavoprotein beta subunit,Ga0401991_178099,192,17,7.80998020177002e-10,4.0,0,0.0,0.0
278971,3300043292 assembled Ga0401991_004321_234_1004,,electron transfer flavoprotein beta subunit,Ga0401991_004321,771,265,3.03175244271045e-09,42.0,0,0.0,0.0
279165,3300043292 assembled Ga0401991_080537_3_329,,electron transfer flavoprotein beta subunit,Ga0401991_080537,327,29,7.822624530213251e-10,10.0,0,0.0,0.0
279277,3300043292 assembled Ga0401991_049391_3_557,,electron transfer flavoprotein beta subunit,Ga0401991_049391,555,25,3.97328086576535e-10,6.0,0,0.0,0.0
279279,3300043292 assembled Ga0401991_164631_7_318,,electron transfer flavoprotein beta subunit,Ga0401991_164631,312,20,5.65428430897377e-10,10.0,0,0.0,0.0
279715,3300043292 assembled Ga0401991_025095_38_814,,electron transfer flavoprotein beta subunit,Ga0401991_025095,777,62,7.03838324792719e-10,12.0,0,0.0,0.0
280677,3300043292 assembled Ga0401991_000310_2284_3132,,electron transfer flavoprotein beta subunit,Ga0401991_000310,849,801,8.321987633829521e-09,114.0,0,0.0,0.0
280940,3300043292 assembled Ga0401991_001665_243_986,,electron transfer flavoprotein beta subunit,Ga0401991_001665,744,161,1.90877694494873e-09,12.0,0,0.0,0.0
281572,3300043292 assembled Ga0401991_014933_128_877,,electron transfer flavoprotein beta subunit,Ga0401991_014933,750,437,5.1395182654848e-09,56.0,2,2.35218227253309e-11,0.0
281638,3300043292 assembled Ga0401991_008257_1_606,,electron transfer flavoprotein beta subunit,Ga0401991_008257,606,64,9.31557335656669e-10,12.0,0,0.0,0.0
282146,3300043292 assembled Ga0401991_120811_17_379,,electron transfer flavoprotein beta subunit,Ga0401991_120811,363,12,2.91592843702449e-10,3.0,0,0.0,0.0
282885,3300043292 assembled Ga0401991_004033_1234_1989,,electron transfer flavoprotein beta subunit,Ga0401991_004033,756,234,2.7302115663330504e-09,33.0,0,0.0,0.0
286274,3300043292 assembled Ga0401991_153681_2_325,,electron transfer flavoprotein beta subunit,Ga0401991_153681,324,24,6.533839645925241e-10,6.0,0,0.0,0.0
286323,3300043292 assembled Ga0401991_077231_2_388,,electron transfer flavoprotein beta subunit,Ga0401991_077231,387,64,1.4587176883926102e-09,23.0,0,0.0,0.0
288316,3300043292 assembled Ga0401991_127298_9_368,,electron transfer flavoprotein beta subunit,Ga0401991_127298,360,37,9.06570250872128e-10,14.0,0,0.0,0.0
290717,3300043292 assembled Ga0401991_040530_512_667,,electron transfer flavoprotein beta subunit,Ga0401991_040530,156,19,1.0743140187050201e-09,8.0,0,0.0,0.0
291601,3300043292 assembled Ga0401991_094319_3_434,,electron transfer flavoprotein beta subunit,Ga0401991_094319,432,14,2.85855484509229e-10,4.0,0,0.0,0.0
292746,3300043292 assembled Ga0401991_090886_215_412,,electron transfer flavoprotein beta subunit,Ga0401991_090886,198,12,5.34586880121156e-10,8.0,0,0.0,0.0
297747,3300043292 assembled Ga0401991_006274_2_715,,electron transfer flavoprotein beta subunit,Ga0401991_006274,714,203,2.50784139350954e-09,40.0,0,0.0,0.0
298602,3300043292 assembled Ga0401991_098820_3_413,,electron transfer flavoprotein beta subunit,Ga0401991_098820,411,53,1.1374604055132602e-09,16.0,0,0.0,0.0
298683,3300043292 assembled Ga0401991_117138_3_386,,electron transfer flavoprotein beta subunit,Ga0401991_117138,384,18,4.13469540093707e-10,6.0,0,0.0,0.0
300137,3300043292 assembled Ga0401991_168923_2_313,,electron transfer flavoprotein beta subunit,Ga0401991_168923,312,12,3.39257058538426e-10,6.0,0,0.0,0.0
303375,3300043292 assembled Ga0401991_011888_16_237,,electron transfer flavoprotein beta subunit,Ga0401991_011888,222,35,1.39064830301787e-09,18.0,0,0.0,0.0
303423,3300043292 assembled Ga0401991_000557_2660_3430,,electron transfer flavoprotein beta subunit,Ga0401991_000557,771,391,4.4732649249048505e-09,64.0,0,0.0,0.0
305894,3300043292 assembled Ga0401991_105498_1_333,,electron transfer flavoprotein beta subunit,Ga0401991_105498,333,22,5.827478603122521e-10,10.0,12,3.17862469261228e-10,4.0
309651,3300043292 assembled Ga0401991_172014_59_292,,electron transfer flavoprotein beta subunit,Ga0401991_172014,234,34,1.2816377767007202e-09,18.0,0,0.0,0.0
311218,3300043292 assembled Ga0401991_093558_3_434,,electron transfer flavoprotein beta subunit,Ga0401991_093558,432,34,6.94220462379557e-10,14.0,0,0.0,0.0
312323,3300043292 assembled Ga0401991_033798_1_570,,electron transfer flavoprotein beta subunit,Ga0401991_033798,570,51,7.89219051968339e-10,11.0,0,0.0,0.0
315491,3300043292 assembled Ga0401991_042334_3_629,,electron transfer flavoprotein beta subunit,Ga0401991_042334,627,140,1.96953061097268e-09,33.0,0,0.0,0.0
317303,3300043292 assembled Ga0401991_064029_3_353,,electron transfer flavoprotein beta subunit,Ga0401991_064029,351,27,6.78514117076852e-10,10.0,0,0.0,0.0
317369,3300043292 assembled Ga0401991_017433_1_597,,electron transfer flavoprotein beta subunit,Ga0401991_017433,597,36,5.31900513889392e-10,6.0,10,1.47750142747053e-10,0.0
318365,3300043292 assembled Ga0401991_175500_1_306,,electron transfer flavoprotein beta subunit,Ga0401991_175500,306,14,4.0356068401303e-10,6.0,0,0.0,0.0
319817,3300043292 assembled Ga0401991_120750_1_378,,electron transfer flavoprotein beta subunit,Ga0401991_120750,378,18,4.20032548666623e-10,9.0,0,0.0,0.0
319850,3300043292 assembled Ga0401991_097580_70_426,,electron transfer flavoprotein beta subunit,Ga0401991_097580,357,33,8.15357300352856e-10,9.0,0,0.0,0.0
320515,3300043292 assembled Ga0401991_002629_197_946,,electron transfer flavoprotein beta subunit,Ga0401991_002629,750,1981,2.32983654094402e-08,310.0,4,4.70436454506618e-11,0.0
321681,3300043292 assembled Ga0401991_122342_4_378,,electron transfer flavoprotein beta subunit,Ga0401991_122342,375,43,1.0114383771892301e-09,14.0,0,0.0,0.0
323827,3300043292 assembled Ga0401991_026790_494_829,,electron transfer flavoprotein beta subunit,Ga0401991_026790,336,35,9.18821200208238e-10,14.0,0,0.0,0.0
327090,3300043292 assembled Ga0401991_009465_713_1402,,electron transfer flavoprotein beta subunit,Ga0401991_009465,690,155,1.98145789262298e-09,31.5,8,1.0226879445796e-10,0.0
328067,3300043292 assembled Ga0401991_052873_1_447,,electron transfer flavoprotein beta subunit,Ga0401991_052873,447,42,8.287890557583031e-10,13.0,0,0.0,0.0
328986,3300043292 assembled Ga0401991_016996_31_249,,electron transfer flavoprotein beta subunit,Ga0401991_016996,219,51,2.05413177909568e-09,36.0,0,0.0,0.0
329624,3300043292 assembled Ga0401991_076145_66_485,,electron transfer flavoprotein beta subunit,Ga0401991_076145,420,56,1.17609113626654e-09,21.5,0,0.0,0.0
330450,3300043292 assembled Ga0401991_107572_19_402,,electron transfer flavoprotein beta subunit,Ga0401991_107572,384,49,1.1255559702550901e-09,20.0,0,0.0,0.0
331082,3300043292 assembled Ga0401991_169019_126_314,,electron transfer flavoprotein beta subunit,Ga0401991_169019,189,19,8.86735380518426e-10,16.0,0,0.0,0.0
334206,3300043292 assembled Ga0401991_077814_1_477,,electron transfer flavoprotein beta subunit,Ga0401991_077814,477,27,4.99283972943344e-10,9.0,0,0.0,0.0
336584,3300043292 assembled Ga0401991_047714_51_314,,electron transfer flavoprotein beta subunit,Ga0401991_047714,264,26,8.68703680196879e-10,10.0,0,0.0,0.0
337831,3300043292 assembled Ga0401991_017397_649_1008,,electron transfer flavoprotein beta subunit,Ga0401991_017397,360,27,6.61551264149931e-10,9.0,0,0.0,0.0
344234,3300043292 assembled Ga0401991_029104_583_792,,electron transfer flavoprotein beta subunit,Ga0401991_029104,210,4,1.68013019466649e-10,2.0,0,0.0,0.0
345731,3300043292 assembled Ga0401991_056138_6_203,,electron transfer flavoprotein beta subunit,Ga0401991_056138,198,14,6.23684693474682e-10,6.0,0,0.0,0.0
347369,3300043292 assembled Ga0401991_019891_38_793,,electron transfer flavoprotein beta subunit,Ga0401991_019891,756,64,7.46724530962885e-10,13.0,6,7.00054247777705e-11,0.0
347731,3300043292 assembled Ga0401991_018018_163_912,,electron transfer flavoprotein beta subunit,Ga0401991_018018,750,56,6.58611036309265e-10,9.0,0,0.0,0.0
349573,3300043292 assembled Ga0401991_000818_2370_3143,,electron transfer flavoprotein beta subunit,Ga0401991_000818,774,921,1.04959296172625e-08,164.0,1,1.13962319405673e-11,0.0
349831,3300043292 assembled Ga0401991_032485_5_181,,electron transfer flavoprotein beta subunit,Ga0401991_032485,177,28,1.395362365062e-09,19.0,0,0.0,0.0
353698,3300043292 assembled Ga0401991_108435_7_402,,electron transfer flavoprotein beta subunit,Ga0401991_108435,396,66,1.4701139203331802e-09,25.0,0,0.0,0.0
358347,3300043292 assembled Ga0401991_007237_6_770,,electron transfer flavoprotein beta subunit,Ga0401991_007237,765,213,2.4559550198507204e-09,34.0,0,0.0,0.0
360289,3300043292 assembled Ga0401991_005188_1037_1834,,electron transfer flavoprotein beta subunit,Ga0401991_005188,798,143,1.58064880156124e-09,27.0,0,0.0,0.0
361355,3300043292 assembled Ga0401991_006138_1475_1723,,electron transfer flavoprotein beta subunit,Ga0401991_006138,249,65,2.3025880679917303e-09,27.0,0,0.0,0.0
364092,3300043292 assembled Ga0401991_017915_33_818,,electron transfer flavoprotein beta subunit,Ga0401991_017915,786,86,9.65112955333233e-10,10.0,0,0.0,0.0
364360,3300043292 assembled Ga0401991_063980_52_531,,electron transfer flavoprotein beta subunit,Ga0401991_063980,480,30,5.51292720124943e-10,10.0,0,0.0,0.0
364503,3300043292 assembled Ga0401991_071199_2_394,,electron transfer flavoprotein beta subunit,Ga0401991_071199,393,24,5.38667695999944e-10,9.0,0,0.0,0.0
364869,3300043292 assembled Ga0401991_106942_3_194,,electron transfer flavoprotein beta subunit,Ga0401991_106942,192,54,2.4808172405622403e-09,20.0,0,0.0,0.0
366547,3300043292 assembled Ga0401991_009658_3_341,,electron transfer flavoprotein beta subunit,Ga0401991_009658,339,74,1.9254589399054e-09,35.0,0,0.0,0.0
368153,3300043292 assembled Ga0401991_179603_102_302,,electron transfer flavoprotein beta subunit,Ga0401991_179603,201,20,8.77679952437719e-10,10.0,0,0.0,0.0
368822,3300043292 assembled Ga0401991_114725_1_390,,electron transfer flavoprotein beta subunit,Ga0401991_114725,390,42,9.49919763907593e-10,13.0,0,0.0,0.0
372021,3300043292 assembled Ga0401991_021090_227_934,,electron transfer flavoprotein beta subunit,Ga0401991_021090,708,95,1.1835662917936602e-09,15.5,0,0.0,0.0
382010,3300043292 assembled Ga0401991_159755_172_324,,electron transfer flavoprotein beta subunit,Ga0401991_159755,153,79,4.554470576718481e-09,47.0,0,0.0,0.0
382400,3300043292 assembled Ga0401991_176524_2_304,,electron transfer flavoprotein beta subunit,Ga0401991_176524,303,47,1.3682248367457301e-09,12.0,0,0.0,0.0
383847,3300043292 assembled Ga0401991_047337_227_622,,electron transfer flavoprotein beta subunit,Ga0401991_047337,396,79,1.7596818137321401e-09,27.0,0,0.0,0.0
389233,3300043292 assembled Ga0401991_006779_1_540,,electron transfer flavoprotein beta subunit,Ga0401991_006779,540,74,1.20876033449617e-09,19.0,0,0.0,0.0
395315,3300043292 assembled Ga0401991_109715_2_388,,electron transfer flavoprotein beta subunit,Ga0401991_109715,387,37,8.43321163601979e-10,12.0,0,0.0,0.0
396022,3300043292 assembled Ga0401991_114799_2_388,,electron transfer flavoprotein beta subunit,Ga0401991_114799,387,27,6.15396524790633e-10,12.0,0,0.0,0.0
397046,3300043292 assembled Ga0401991_084732_2_217,,electron transfer flavoprotein beta subunit,Ga0401991_084732,216,33,1.3476044269720802e-09,13.0,0,0.0,0.0
397862,3300043292 assembled Ga0401991_010453_605_1333,,electron transfer flavoprotein beta subunit,Ga0401991_010453,729,50,6.04985152400486e-10,11.0,0,0.0,0.0
399336,3300043292 assembled Ga0401991_011377_65_835,,electron transfer flavoprotein beta subunit,Ga0401991_011377,771,169,1.9334572181813802e-09,25.0,0,0.0,0.0
402869,3300043292 assembled Ga0401991_116635_1_387,,electron transfer flavoprotein beta subunit,Ga0401991_116635,387,36,8.20528699720845e-10,15.0,0,0.0,0.0
405559,3300043292 assembled Ga0401991_059504_3_551,,electron transfer flavoprotein beta subunit,Ga0401991_059504,549,58,9.3187549048442e-10,9.0,0,0.0,0.0
407606,3300043292 assembled Ga0401991_034695_1_687,,electron transfer flavoprotein beta subunit,Ga0401991_034695,687,108,1.3866576715806402e-09,20.0,0,0.0,0.0
410561,3300043292 assembled Ga0401991_081592_19_468,,electron transfer flavoprotein beta subunit,Ga0401991_081592,450,22,4.31233416631066e-10,7.0,0,0.0,0.0
410985,3300043292 assembled Ga0401991_057861_385_558,,electron transfer flavoprotein beta subunit,Ga0401991_057861,174,9,4.56242251137883e-10,8.0,0,0.0,0.0
412823,3300043292 assembled Ga0401991_026731_252_827,,electron transfer flavoprotein beta subunit,Ga0401991_026731,576,30,4.59410600104119e-10,6.0,0,0.0,0.0
413833,3300043292 assembled Ga0401991_066127_5_520,,electron transfer flavoprotein beta subunit,Ga0401991_066127,516,69,1.1795100058487102e-09,20.0,0,0.0,0.0
414123,3300043292 assembled Ga0401991_089490_70_444,,electron transfer flavoprotein beta subunit,Ga0401991_089490,375,24,5.64523745407941e-10,9.0,0,0.0,0.0
415022,3300043292 assembled Ga0401991_158749_3_326,,electron transfer flavoprotein beta subunit,Ga0401991_158749,324,18,4.90037973444393e-10,6.0,0,0.0,0.0
416600,3300043292 assembled Ga0401991_000904_2198_2995,,electron transfer flavoprotein beta subunit,Ga0401991_000904,798,665,7.3505696016659e-09,112.0,0,0.0,0.0
417207,3300043292 assembled Ga0401991_013572_223_1014,,electron transfer flavoprotein beta subunit,Ga0401991_013572,792,65,7.23919733497399e-10,12.0,0,0.0,0.0
418693,3300043292 assembled Ga0401991_168801_1_315,,electron transfer flavoprotein beta subunit,Ga0401991_168801,315,22,6.1604773804438e-10,10.0,0,0.0,0.0
419464,3300043292 assembled Ga0401991_020027_23_772,,electron transfer flavoprotein beta subunit,Ga0401991_020027,750,175,2.05815948846645e-09,37.0,0,0.0,0.0
419832,3300043292 assembled Ga0401991_088255_2_208,,electron transfer flavoprotein beta subunit,Ga0401991_088255,207,58,2.4714958660673803e-09,22.0,0,0.0,0.0
420063,3300043292 assembled Ga0401991_127955_28_369,,electron transfer flavoprotein beta subunit,Ga0401991_127955,342,18,4.64246501157846e-10,8.0,0,0.0,0.0
422376,3300043292 assembled Ga0401991_000314_3302_4072,,electron transfer flavoprotein beta subunit,Ga0401991_000314,771,546,6.246554089509081e-09,84.0,0,0.0,0.0
422781,3300043292 assembled Ga0401991_032924_17_745,,electron transfer flavoprotein beta subunit,Ga0401991_032924,729,46,5.56586340208447e-10,8.0,0,0.0,0.0
430076,3300043292 assembled Ga0401991_095769_3_428,,electron transfer flavoprotein beta subunit,Ga0401991_095769,426,61,1.2630556216947e-09,19.0,0,0.0,0.0
430486,3300043292 assembled Ga0401991_072153_1_243,,electron transfer flavoprotein beta subunit,Ga0401991_072153,243,19,6.89683073736554e-10,8.0,0,0.0,0.0
432369,3300043292 assembled Ga0401991_114281_151_390,,electron transfer flavoprotein beta subunit,Ga0401991_114281,240,10,3.67528480083295e-10,5.0,0,0.0,0.0
435730,3300043292 assembled Ga0401991_177713_58_264,,electron transfer flavoprotein beta subunit,Ga0401991_177713,207,14,5.96567967671435e-10,4.0,0,0.0,0.0
436140,3300043292 assembled Ga0401991_047714_432_599,,electron transfer flavoprotein beta subunit,Ga0401991_047714,168,21,1.10258544024989e-09,10.0,0,0.0,0.0
438731,3300043292 assembled Ga0401991_000859_1018_1788,,electron transfer flavoprotein beta subunit,Ga0401991_000859,771,386,4.4160620486273e-09,61.0,0,0.0,0.0
438916,3300043292 assembled Ga0401991_073485_169_483,,electron transfer flavoprotein beta subunit,Ga0401991_073485,315,29,8.120629274221381e-10,10.0,0,0.0,0.0
439419,3300043292 assembled Ga0401991_123950_2_373,,electron transfer flavoprotein beta subunit,Ga0401991_123950,372,8,1.8969211875266802e-10,3.0,0,0.0,0.0
439575,3300043292 assembled Ga0401991_028576_2_742,,electron transfer flavoprotein beta subunit,Ga0401991_028576,741,96,1.1427606182347e-09,19.0,0,0.0,0.0
440231,3300043292 assembled Ga0401991_156423_1_327,,electron transfer flavoprotein beta subunit,Ga0401991_156423,327,13,3.50669375492318e-10,6.0,0,0.0,0.0
440397,3300043292 assembled Ga0401991_100276_3_353,,electron transfer flavoprotein beta subunit,Ga0401991_100276,351,12,3.01561829811934e-10,6.0,0,0.0,0.0
440854,3300043292 assembled Ga0401991_091994_2_439,,electron transfer flavoprotein beta subunit,Ga0401991_091994,438,49,9.8678879584008e-10,17.0,0,0.0,0.0
442548,3300043292 assembled Ga0401991_105538_42_407,,electron transfer flavoprotein beta subunit,Ga0401991_105538,366,20,4.82004564043666e-10,10.0,0,0.0,0.0
443121,3300043292 assembled Ga0401991_035013_2_613,,electron transfer flavoprotein beta subunit,Ga0401991_035013,612,45,6.48579670735226e-10,10.0,0,0.0,0.0
444520,3300043292 assembled Ga0401991_177008_23_304,,electron transfer flavoprotein beta subunit,Ga0401991_177008,282,6,1.87674117489342e-10,3.0,0,0.0,0.0
446493,3300043292 assembled Ga0401991_123666_50_376,,electron transfer flavoprotein beta subunit,Ga0401991_123666,327,25,6.74364183639073e-10,8.0,0,0.0,0.0
446795,3300043292 assembled Ga0401991_122458_9_164,,electron transfer flavoprotein beta subunit,Ga0401991_122458,156,23,1.30048539106397e-09,18.0,0,0.0,0.0
447149,3300043292 assembled Ga0401991_003199_1452_2201,,electron transfer flavoprotein beta subunit,Ga0401991_003199,750,415,4.88077821550616e-09,65.0,4,4.70436454506618e-11,0.0
447263,3300043292 assembled Ga0401991_000920_125_880,,electron transfer flavoprotein beta subunit,Ga0401991_000920,756,698,8.143964415813961e-09,100.0,0,0.0,0.0
453258,3300066319 assembled Ga0610651_030508_2_568,,electron transfer flavoprotein beta subunit,Ga0610651_030508,567,40,2.9197190853421e-09,12.0,0,0.0,0.0
461899,3300066319 assembled Ga0610651_128449_193_324,,electron transfer flavoprotein beta subunit,Ga0610651_128449,132,4,1.2541520616583101e-09,3.0,0,0.0,0.0
466944,3300066319 assembled Ga0610651_078819_3_395,,electron transfer flavoprotein beta subunit,Ga0610651_078819,393,18,1.8955886122774403e-09,7.0,0,0.0,0.0
467235,3300066319 assembled Ga0610651_121923_9_332,,electron transfer flavoprotein beta subunit,Ga0610651_121923,324,72,9.1971151188276e-09,26.5,0,0.0,0.0
468756,3300066319 assembled Ga0610651_106913_70_348,,electron transfer flavoprotein beta subunit,Ga0610651_106913,279,4,5.93362265730813e-10,2.0,0,0.0,0.0
469087,3300066319 assembled Ga0610651_087703_2_370,,electron transfer flavoprotein beta subunit,Ga0610651_087703,369,196,2.19833483328074e-08,33.0,0,0.0,0.0
469633,3300066319 assembled Ga0610651_031694_3_407,,electron transfer flavoprotein beta subunit,Ga0610651_031694,405,20,2.0438033597394704e-09,6.0,0,0.0,0.0
476322,3300066319 assembled Ga0610651_087373_24_380,,electron transfer flavoprotein beta subunit,Ga0610651_087373,357,21,2.43453047263084e-09,9.0,0,0.0,0.0
478408,3300066319 assembled Ga0610651_017817_26_694,,electron transfer flavoprotein beta subunit,Ga0610651_017817,669,79,4.887256240273861e-09,16.0,1,6.18640030414413e-11,0.0
479777,3300066319 assembled Ga0610651_001930_703_1464,,electron transfer flavoprotein beta subunit,Ga0610651_001930,762,130,7.060777355005441e-09,20.0,0,0.0,0.0
485294,3300066319 assembled Ga0610651_045338_2_388,,electron transfer flavoprotein beta subunit,Ga0610651_045338,387,97,1.03734903084451e-08,36.0,0,0.0,0.0
488897,3300066319 assembled Ga0610651_029180_316_579,,electron transfer flavoprotein beta subunit,Ga0610651_029180,264,55,8.62229542390088e-09,28.0,0,0.0,0.0
489911,3300066319 assembled Ga0610651_076276_15_401,,electron transfer flavoprotein beta subunit,Ga0610651_076276,387,14,1.49720478678589e-09,6.0,0,0.0,0.0
490156,3300066319 assembled Ga0610651_061778_2_436,,electron transfer flavoprotein beta subunit,Ga0610651_061778,435,12,1.1417108423372201e-09,3.0,0,0.0,0.0
490541,3300066319 assembled Ga0610651_067195_316_420,,electron transfer flavoprotein beta subunit,Ga0610651_067195,105,8,3.15329661216946e-09,2.0,0,0.0,0.0
491358,3300066319 assembled Ga0610651_003115_530_1264,,electron transfer flavoprotein beta subunit,Ga0610651_003115,735,75,4.2231651055841e-09,12.0,0,0.0,0.0
491984,3300066319 assembled Ga0610651_127013_1_222,,electron transfer flavoprotein beta subunit,Ga0610651_127013,222,24,4.474272219970181e-09,8.0,0,0.0,0.0
495823,3300066319 assembled Ga0610651_050772_3_470,,electron transfer flavoprotein beta subunit,Ga0610651_050772,468,42,3.7142195672188405e-09,10.0,0,0.0,0.0
498879,3300066319 assembled Ga0610651_145784_1_306,,electron transfer flavoprotein beta subunit,Ga0610651_145784,306,21,2.8402855514026404e-09,7.0,0,0.0,0.0
499833,3300066319 assembled Ga0610651_140223_3_152,,electron transfer flavoprotein beta subunit,Ga0610651_140223,150,16,4.4146152570372506e-09,6.0,0,0.0,0.0
500158,3300066319 assembled Ga0610651_059165_1_396,,electron transfer flavoprotein beta subunit,Ga0610651_059165,396,8,8.36101374438873e-10,3.0,0,0.0,0.0
501306,3300066319 assembled Ga0610651_116045_2_229,,electron transfer flavoprotein beta subunit,Ga0610651_116045,228,13,2.3597861160149803e-09,4.0,0,0.0,0.0
514671,3300066319 assembled Ga0610651_132534_3_320,,electron transfer flavoprotein beta subunit,Ga0610651_132534,318,20,2.60295710910215e-09,9.0,0,0.0,0.0
516170,3300066319 assembled Ga0610651_032412_3_518,,electron transfer flavoprotein beta subunit,Ga0610651_032412,516,26,2.0853923815946303e-09,7.0,1,8.02073992921012e-11,0.0
516452,3300066319 assembled Ga0610651_151808_1_300,,electron transfer flavoprotein beta subunit,Ga0610651_151808,300,8,1.1036538142593102e-09,4.0,0,0.0,0.0
517429,3300066319 assembled Ga0610651_033314_3_551,,electron transfer flavoprotein beta subunit,Ga0610651_033314,549,32,2.41235806395478e-09,8.0,2,1.50772378997174e-10,0.0
525148,3300066319 assembled Ga0610651_009372_3_326,,electron transfer flavoprotein beta subunit,Ga0610651_009372,324,38,4.85403297938123e-09,16.5,2,2.55475419967433e-10,0.0
528676,3300066319 assembled Ga0610651_017488_549_698,,electron transfer flavoprotein beta subunit,Ga0610651_017488,150,20,5.5182690712965605e-09,13.0,0,0.0,0.0
529828,3300066319 assembled Ga0610651_028914_3_581,,electron transfer flavoprotein beta subunit,Ga0610651_028914,579,44,3.14512744996177e-09,8.0,2,1.42960338634626e-10,0.0
530147,3300066319 assembled Ga0610651_024822_3_551,,electron transfer flavoprotein beta subunit,Ga0610651_024822,549,27,2.03542711646185e-09,7.0,0,0.0,0.0
530860,3300066319 assembled Ga0610651_063437_2_430,,electron transfer flavoprotein beta subunit,Ga0610651_063437,429,20,1.9294647102435503e-09,6.0,1,9.647323551217759e-11,0.0
532231,3300066319 assembled Ga0610651_023542_135_626,,electron transfer flavoprotein beta subunit,Ga0610651_023542,492,24,2.01887892852313e-09,8.0,9,7.57079598196174e-10,2.0
532690,3300066319 assembled Ga0610651_024301_1_618,,electron transfer flavoprotein beta subunit,Ga0610651_024301,618,24,1.6072628362999702e-09,5.0,0,0.0,0.0
559703,3300066319 assembled Ga0610651_026923_3_287,,electron transfer flavoprotein beta subunit,Ga0610651_026923,285,21,3.0495697499270503e-09,10.0,0,0.0,0.0
581649,3300066319 assembled Ga0610651_103579_2_355,,electron transfer flavoprotein beta subunit,Ga0610651_103579,354,12,1.40294976388896e-09,5.0,0,0.0,0.0
581829,3300066319 assembled Ga0610651_134279_64_318,,electron transfer flavoprotein beta subunit,Ga0610651_134279,255,13,2.10992640961339e-09,6.0,0,0.0,0.0
597576,3300066319 assembled Ga0610651_085666_2_382,,electron transfer flavoprotein beta subunit,Ga0610651_085666,381,44,4.7796031326190705e-09,17.0,0,0.0,0.0
598834,3300066319 assembled Ga0610651_139401_1_312,,electron transfer flavoprotein beta subunit,Ga0610651_139401,312,12,1.5918083859509302e-09,3.0,0,0.0,0.0
601390,3300066319 assembled Ga0610651_003622_2_634,,electron transfer flavoprotein beta subunit,Ga0610651_003622,633,35,2.28838172387891e-09,6.0,4,2.6152933987187503e-10,0.0
603230,3300066319 assembled Ga0610651_082236_35_388,,electron transfer flavoprotein beta subunit,Ga0610651_082236,354,24,2.80589952777791e-09,9.0,0,0.0,0.0
605112,3300043246 assembled Ga0435283_063863_17_427,,electron transfer flavoprotein beta subunit,Ga0435283_063863,411,17,5.8880723171656606e-09,6.0,8,2.7708575610191303e-09,0.0
605664,3300043246 assembled Ga0435283_011903_3_248,,electron transfer flavoprotein beta subunit,Ga0435283_011903,246,8,4.62935958365392e-09,2.0,5,2.8933497397837e-09,3.0
605827,3300043246 assembled Ga0435283_036472_3_545,,electron transfer flavoprotein beta subunit,Ga0435283_036472,543,19,4.9810374525779e-09,4.0,0,0.0,0.0
607483,3300043246 assembled Ga0435283_010325_172_1008,,electron transfer flavoprotein beta subunit,Ga0435283_010325,837,14,2.38105053854601e-09,2.0,6,1.02045023080543e-09,0.0
607487,3300043246 assembled Ga0435283_015473_821_919,,electron transfer flavoprotein beta subunit,Ga0435283_015473,99,7,1.00653500038536e-08,2.0,1,1.4379071434076602e-09,1.0
609489,3300043246 assembled Ga0435283_016347_87_887,,electron transfer flavoprotein beta subunit,Ga0435283_016347,801,11,1.9549074646328803e-09,2.0,16,2.84350176673874e-09,2.0
612834,3300043246 assembled Ga0435283_033687_3_494,,electron transfer flavoprotein beta subunit,Ga0435283_033687,492,6,1.73600984387022e-09,2.0,7,2.02534481784859e-09,2.0
614011,3300043246 assembled Ga0435283_004414_2_199,,electron transfer flavoprotein beta subunit,Ga0435283_004414,198,1,7.18953571703828e-10,1.0,5,3.5947678585191403e-09,2.0
617245,3300043246 assembled Ga0435283_030586_278_637,,electron transfer flavoprotein beta subunit,Ga0435283_030586,360,4,1.5816978577484202e-09,1.0,6,2.3725467866226303e-09,2.0
619888,3300043246 assembled Ga0435283_038703_2_562,,electron transfer flavoprotein beta subunit,Ga0435283_038703,561,33,8.373694541021051e-09,10.0,5,1.2687415971244e-09,1.0
620802,3300043246 assembled Ga0435283_006093_1451_1564,,electron transfer flavoprotein beta subunit,Ga0435283_006093,114,5,6.243544175322721e-09,3.0,1,1.2487088350645402e-09,1.0
621111,3300043246 assembled Ga0435283_001505_2746_3495,,electron transfer flavoprotein beta subunit,Ga0435283_001505,750,13,2.4674486580875402e-09,2.0,10,1.89803742929811e-09,2.0
621398,3300043246 assembled Ga0435283_007014_351_1139,,electron transfer flavoprotein beta subunit,Ga0435283_007014,789,7,1.26295266208049e-09,1.0,9,1.6237962798177701e-09,1.0
621653,3300043246 assembled Ga0435283_011438_2_673,,electron transfer flavoprotein beta subunit,Ga0435283_011438,672,15,3.1775180177981704e-09,4.0,8,1.69467627615902e-09,2.0
624344,3300043246 assembled Ga0435283_027764_3_671,,electron transfer flavoprotein beta subunit,Ga0435283_027764,669,19,4.04290483819103e-09,4.0,0,0.0,0.0
625984,3300043246 assembled Ga0435283_045645_1_513,,electron transfer flavoprotein beta subunit,Ga0435283_045645,513,6,1.6649451134193902e-09,2.0,4,1.10996340894626e-09,2.0
626435,3300043246 assembled Ga0435283_040832_341_544,,electron transfer flavoprotein beta subunit,Ga0435283_040832,204,2,1.3956157568368402e-09,1.0,9,6.280270905765791e-09,6.0
643341,3300043246 assembled Ga0435283_098591_3_320,,electron transfer flavoprotein beta subunit,Ga0435283_098591,318,28,1.25342094387611e-08,13.0,0,0.0,0.0
644650,3300043246 assembled Ga0435283_094632_3_347,,electron transfer flavoprotein beta subunit,Ga0435283_094632,345,2,8.2523366491222e-10,1.0,2,8.2523366491222e-10,1.0
645615,3300043246 assembled Ga0435283_018919_3_716,,electron transfer flavoprotein beta subunit,Ga0435283_018919,714,46,9.171189259213531e-09,9.0,2,3.98747359096241e-10,0.0
646371,3300043246 assembled Ga0435283_015947_249_905,,electron transfer flavoprotein beta subunit,Ga0435283_015947,657,4,8.66683757670368e-10,1.0,10,2.1667093941759202e-09,2.0
646934,3300043246 assembled Ga0435283_100561_1_327,,electron transfer flavoprotein beta subunit,Ga0435283_100561,327,4,1.7413187424753302e-09,2.0,4,1.7413187424753302e-09,2.0
647286,3300043246 assembled Ga0435283_002988_1223_2011,,electron transfer flavoprotein beta subunit,Ga0435283_002988,789,30,5.41265426605924e-09,5.0,37,6.675606928139731e-09,6.0
649466,3300043246 assembled Ga0435283_013289_365_1000,,electron transfer flavoprotein beta subunit,Ga0435283_013289,636,369,8.25914871946935e-08,94.0,0,0.0,0.0
652464,3300043246 assembled Ga0435283_042034_227_538,,electron transfer flavoprotein beta subunit,Ga0435283_042034,312,24,1.09502159382583e-08,11.0,2,9.125179948548581e-10,1.0
654616,3300043246 assembled Ga0435283_012425_10_705,,electron transfer flavoprotein beta subunit,Ga0435283_012425,696,22,4.499657698767061e-09,5.0,16,3.2724783263760403e-09,3.0
658905,3300043246 assembled Ga0435283_051333_3_482,,electron transfer flavoprotein beta subunit,Ga0435283_051333,480,7,2.0759784382948e-09,2.0,3,8.89705044983487e-10,1.0
658989,3300043246 assembled Ga0435283_032823_1_438,,electron transfer flavoprotein beta subunit,Ga0435283_032823,438,2,6.50012818252776e-10,0.0,5,1.6250320456319402e-09,2.0
659168,3300043246 assembled Ga0435283_080560_1_375,,electron transfer flavoprotein beta subunit,Ga0435283_080560,375,10,3.79607485859621e-09,2.0,1,3.79607485859621e-10,0.0
664048,3300043246 assembled Ga0435283_073750_2_394,,electron transfer flavoprotein beta subunit,Ga0435283_073750,393,4,1.4488835338153502e-09,2.0,2,7.244417669076741e-10,1.0
665485,3300043246 assembled Ga0435283_041905_85_537,,electron transfer flavoprotein beta subunit,Ga0435283_041905,453,17,5.34215832749467e-09,5.0,25,7.85611518749216e-09,6.0
667086,3300043246 assembled Ga0435283_111054_4_315,,electron transfer flavoprotein beta subunit,Ga0435283_111054,312,3,1.36877699228229e-09,1.0,1,4.5625899742742903e-10,0.0
679655,3300043246 assembled Ga0435283_006998_1177_1437,,electron transfer flavoprotein beta subunit,Ga0435283_006998,261,77,4.19968051884926e-08,39.0,0,0.0,0.0
680330,3300043246 assembled Ga0435283_031372_1_504,,electron transfer flavoprotein beta subunit,Ga0435283_031372,504,13,3.6717985983445503e-09,3.0,8,2.2595683682120304e-09,0.0
681922,3300043246 assembled Ga0435283_006883_610_1401,,electron transfer flavoprotein beta subunit,Ga0435283_006883,792,143,2.57025901884118e-08,18.0,0,0.0,0.0
683113,3300043246 assembled Ga0435283_119030_3_134,,electron transfer flavoprotein beta subunit,Ga0435283_119030,132,1,1.0784303575557401e-09,1.0,1,1.0784303575557401e-09,0.0
684608,3300043246 assembled Ga0435283_025678_1_696,,electron transfer flavoprotein beta subunit,Ga0435283_025678,696,5,1.02264947699251e-09,0.0,10,2.0452989539850303e-09,2.0
685735,3300043246 assembled Ga0435283_059787_10_444,,electron transfer flavoprotein beta subunit,Ga0435283_059787,435,6,1.9634869958256302e-09,2.0,5,1.6362391631880202e-09,1.0
686217,3300043246 assembled Ga0435283_000741_1633_2406,,electron transfer flavoprotein beta subunit,Ga0435283_000741,774,89,1.63687336441406e-08,16.0,24,4.41404053325141e-09,2.0
686302,3300043246 assembled Ga0435283_069009_2_403,,electron transfer flavoprotein beta subunit,Ga0435283_069009,402,14,4.957560449659231e-09,5.0,0,0.0,0.0
686364,3300043246 assembled Ga0435283_099285_105_320,,electron transfer flavoprotein beta subunit,Ga0435283_099285,216,3,1.97712232218553e-09,2.0,2,1.31808154812368e-09,1.0
687261,3300043246 assembled Ga0435283_013043_27_257,,electron transfer flavoprotein beta subunit,Ga0435283_013043,231,1,6.16245918603281e-10,0.0,6,3.6974755116196904e-09,2.0
687389,3300043246 assembled Ga0435283_112151_3_272,,electron transfer flavoprotein beta subunit,Ga0435283_112151,270,6,3.1633957154968403e-09,4.0,0,0.0,0.0
692885,3300043246 assembled Ga0435283_063820_3_293,,electron transfer flavoprotein beta subunit,Ga0435283_063820,291,8,3.9134792356662e-09,3.0,5,2.44592452229137e-09,0.0
695211,3300043246 assembled Ga0435283_097469_46_342,,electron transfer flavoprotein beta subunit,Ga0435283_097469,297,6,2.87581428681531e-09,2.0,1,4.79302381135885e-10,0.0
701502,3300043246 assembled Ga0435283_048927_2_496,,electron transfer flavoprotein beta subunit,Ga0435283_048927,495,12,3.45097714417837e-09,4.0,6,1.72548857208919e-09,2.0
704097,3300043246 assembled Ga0435283_058804_3_119,,electron transfer flavoprotein beta subunit,Ga0435283_058804,117,5,6.08345329903239e-09,3.0,0,0.0,0.0
705323,3300043246 assembled Ga0435283_005366_1_720,,electron transfer flavoprotein beta subunit,Ga0435283_005366,720,30,5.931366966556581e-09,5.0,30,5.931366966556581e-09,6.0
709164,3300043246 assembled Ga0435283_003278_540_1337,,electron transfer flavoprotein beta subunit,Ga0435283_003278,798,255,4.54886789916369e-08,39.0,0,0.0,0.0
712291,3300043246 assembled Ga0435283_111994_26_316,,electron transfer flavoprotein beta subunit,Ga0435283_111994,291,7,3.4242943312079203e-09,3.0,0,0.0,0.0
714433,3300043246 assembled Ga0435283_104874_1_327,,electron transfer flavoprotein beta subunit,Ga0435283_104874,327,4,1.7413187424753302e-09,1.0,2,8.706593712376631e-10,1.0
714710,3300043246 assembled Ga0435283_094553_3_347,,electron transfer flavoprotein beta subunit,Ga0435283_094553,345,7,2.88831782719277e-09,3.0,0,0.0,0.0
717787,3300043246 assembled Ga0435283_029977_2_328,,electron transfer flavoprotein beta subunit,Ga0435283_029977,327,16,6.96527496990131e-09,7.0,0,0.0,0.0
717832,3300043246 assembled Ga0435283_005023_2_535,,electron transfer flavoprotein beta subunit,Ga0435283_005023,534,17,4.531830940739861e-09,4.0,14,3.7320960688445904e-09,3.0
718570,3300043246 assembled Ga0435283_030282_1_540,,electron transfer flavoprotein beta subunit,Ga0435283_030282,540,8,2.1089304769979e-09,2.0,8,2.1089304769979e-09,2.0
720981,3300043246 assembled Ga0435283_013820_1_363,,electron transfer flavoprotein beta subunit,Ga0435283_013820,363,78,3.05882065052174e-08,26.0,0,0.0,0.0
721674,3300043246 assembled Ga0435283_053153_3_473,,electron transfer flavoprotein beta subunit,Ga0435283_053153,471,1,3.02235259442374e-10,0.0,5,1.51117629721187e-09,2.0
722987,3300043246 assembled Ga0435283_008811_374_1171,,electron transfer flavoprotein beta subunit,Ga0435283_008811,798,40,7.1354790575116805e-09,7.0,6,1.07032185862675e-09,0.0
728440,3300043246 assembled Ga0435283_003938_1015_1800,,electron transfer flavoprotein beta subunit,Ga0435283_003938,786,33,5.9766445769883105e-09,5.0,25,4.527761043172961e-09,4.0
728448,3300043246 assembled Ga0435283_074746_1_255,,electron transfer flavoprotein beta subunit,Ga0435283_074746,255,7,3.90772411914316e-09,4.0,6,3.3494778164084204e-09,3.0
728873,3300043246 assembled Ga0435283_061330_1_438,,electron transfer flavoprotein beta subunit,Ga0435283_061330,438,2,6.50012818252776e-10,1.0,4,1.3000256365055502e-09,1.0
729418,3300043246 assembled Ga0435283_028174_2_334,,electron transfer flavoprotein beta subunit,Ga0435283_028174,333,16,6.839774519993171e-09,2.0,4,1.70994362999829e-09,1.0
729676,3300043246 assembled Ga0435283_039875_3_503,,electron transfer flavoprotein beta subunit,Ga0435283_039875,501,14,3.9779227560139905e-09,3.0,0,0.0,0.0
730380,3300043246 assembled Ga0435283_082947_76_372,,electron transfer flavoprotein beta subunit,Ga0435283_082947,297,4,1.9172095245435403e-09,2.0,3,1.4379071434076602e-09,2.0
730496,3300043246 assembled Ga0435283_032094_2_622,,electron transfer flavoprotein beta subunit,Ga0435283_032094,621,12,2.7507788830407303e-09,2.0,10,2.29231573586728e-09,2.0
731078,3300043246 assembled Ga0435283_015809_104_877,,electron transfer flavoprotein beta subunit,Ga0435283_015809,774,226,4.15655483547841e-08,44.0,0,0.0,0.0
736211,3300043246 assembled Ga0435283_012744_280_1023,,electron transfer flavoprotein beta subunit,Ga0435283_012744,744,41,7.84471114931677e-09,7.0,0,0.0,0.0
737580,3300043246 assembled Ga0435283_018019_433_804,,electron transfer flavoprotein beta subunit,Ga0435283_018019,372,7,2.6786818558642604e-09,2.0,4,1.5306753462081502e-09,1.0
739081,3300043246 assembled Ga0435283_074316_3_350,,electron transfer flavoprotein beta subunit,Ga0435283_074316,348,7,2.8634185355790403e-09,3.0,3,1.2271793723910201e-09,1.0
741395,3300043246 assembled Ga0435283_000663_2120_2869,,electron transfer flavoprotein beta subunit,Ga0435283_000663,750,900,1.7082336863683e-07,137.0,14,2.6572524010173503e-09,2.0
742504,3300043246 assembled Ga0435283_071452_46_402,,electron transfer flavoprotein beta subunit,Ga0435283_071452,357,6,2.39248415457744e-09,2.0,5,1.9937367954812e-09,1.0
743777,3300043246 assembled Ga0435283_057055_1_153,,electron transfer flavoprotein beta subunit,Ga0435283_057055,153,6,5.5824630273473706e-09,3.0,0,0.0,0.0
745294,3300043246 assembled Ga0435283_103635_3_329,,electron transfer flavoprotein beta subunit,Ga0435283_103635,327,5,2.1766484280941603e-09,2.0,1,4.35329685618832e-10,0.0
749338,3300043246 assembled Ga0435283_000024_3005_3784,,electron transfer flavoprotein beta subunit,Ga0435283_000024,780,62,1.13152231362002e-08,10.0,68,1.24102447300261e-08,10.0
750155,3300043246 assembled Ga0435283_008165_944_1312,,electron transfer flavoprotein beta subunit,Ga0435283_008165,369,8,3.08623972243594e-09,2.0,9,3.47201968774044e-09,3.0
750580,3300043246 assembled Ga0435283_002466_2189_2752,,electron transfer flavoprotein beta subunit,Ga0435283_002466,564,17,4.290776103466461e-09,4.0,11,2.7763845375371204e-09,3.0
751095,3300043246 assembled Ga0435283_038794_1_561,,electron transfer flavoprotein beta subunit,Ga0435283_038794,561,166,4.21222210245302e-08,46.0,0,0.0,0.0
754583,3300043246 assembled Ga0435283_092805_23_349,,electron transfer flavoprotein beta subunit,Ga0435283_092805,327,6,2.6119781137129904e-09,3.0,2,8.706593712376631e-10,0.0
754611,3300043246 assembled Ga0435283_071458_19_333,,electron transfer flavoprotein beta subunit,Ga0435283_071458,315,5,2.2595683682120304e-09,2.0,0,0.0,0.0
758491,3300043246 assembled Ga0435283_000504_6062_6808,,electron transfer flavoprotein beta subunit,Ga0435283_000504,747,3490,6.65075364282168e-07,714.0,0,0.0,0.0
760879,3300043246 assembled Ga0435283_054686_1_465,,electron transfer flavoprotein beta subunit,Ga0435283_054686,465,13,3.9797559001411905e-09,6.0,5,1.5306753462081502e-09,2.0
